age,balance,products_number,active_member,churn_risk_score,risk_level
58,106458.31,4,0,100.0,High
54,125889.3,3,0,100.0,High
44,105770.7,3,0,100.0,High
56,0.0,1,0,100.0,High
48,108076.33,1,0,100.0,High
45,89158.94,3,0,99.0,High
49,88915.37,3,0,99.0,High
46,0.0,3,0,99.0,High
59,104568.41,1,0,99.0,High
45,0.0,4,0,99.0,High
48,115115.38,1,0,98.0,High
51,144237.91,4,0,98.0,High
56,104217.3,1,0,98.0,High
54,0.0,1,0,98.0,High
48,120568.41,1,0,97.0,High
49,195238.29,4,1,97.0,High
56,90778.76,2,0,97.0,High
54,0.0,1,0,97.0,High
48,138232.24,1,0,97.0,High
54,0.0,1,0,96.0,High
60,96956.1,1,0,96.0,High
46,135555.66,1,0,96.0,High
46,46870.43,4,0,96.0,High
47,0.0,1,0,96.0,High
47,0.0,1,0,95.0,High
60,113715.36,1,0,95.0,High
41,142880.28,3,0,95.0,High
45,129818.39,3,0,95.0,High
50,109062.28,1,1,95.0,High
51,0.0,1,0,95.0,High
51,131156.76,1,0,95.0,High
55,111362.76,3,0,94.0,High
56,0.0,1,0,94.0,High
41,147726.98,3,0,94.0,High
60,0.0,1,0,94.0,High
65,120100.41,1,0,94.0,High
57,112281.6,3,0,94.0,High
29,101713.84,3,0,94.0,High
52,106723.28,1,0,94.0,High
54,0.0,1,0,93.0,High
50,0.0,1,0,93.0,High
45,164649.52,3,0,93.0,High
53,106261.63,1,0,93.0,High
61,110368.03,1,0,93.0,High
46,0.0,1,1,93.0,High
56,143249.67,1,0,93.0,High
46,143500.82,1,0,93.0,High
45,135643.0,1,0,92.0,High
50,146710.76,1,0,92.0,High
32,127785.17,4,0,92.0,High
61,125397.21,1,0,92.0,High
45,117231.63,3,1,92.0,High
63,131629.17,2,0,92.0,High
38,130878.75,3,0,91.0,High
53,98268.84,1,1,91.0,High
53,117005.55,1,1,91.0,High
50,0.0,4,1,91.0,High
57,0.0,1,0,91.0,High
43,116322.27,4,0,91.0,High
51,107714.74,3,0,91.0,High
45,120961.5,3,1,90.0,High
57,90212.0,1,0,90.0,High
35,118336.95,1,0,90.0,High
48,143595.87,1,0,90.0,High
48,0.0,1,0,90.0,High
45,111257.59,1,0,90.0,High
43,140080.32,3,1,90.0,High
40,0.0,3,0,90.0,High
48,111599.32,1,1,89.0,High
53,0.0,1,0,89.0,High
41,95020.8,3,1,89.0,High
54,128914.97,1,0,89.0,High
55,126817.65,2,0,89.0,High
61,0.0,1,0,89.0,High
56,116251.24,1,1,89.0,High
43,111677.88,1,0,89.0,High
46,134950.19,3,0,89.0,High
43,133379.41,1,0,89.0,High
62,114931.35,3,1,88.0,High
40,149131.03,3,1,88.0,High
40,168286.81,3,0,88.0,High
50,130023.38,1,0,88.0,High
45,110765.68,1,0,88.0,High
40,134504.78,1,0,88.0,High
50,115625.07,1,0,88.0,High
41,28082.95,1,0,88.0,High
51,108867.0,1,0,88.0,High
58,0.0,1,1,87.0,High
30,121345.88,4,0,87.0,High
39,132287.92,3,1,87.0,High
50,81290.02,3,1,87.0,High
46,0.0,1,0,87.0,High
42,132796.04,3,1,87.0,High
55,0.0,1,0,87.0,High
52,63349.75,1,0,87.0,High
35,109196.66,3,0,87.0,High
51,169312.13,1,0,86.0,High
70,110738.89,1,0,86.0,High
49,93059.34,1,0,86.0,High
43,0.0,3,1,86.0,High
40,147856.82,3,0,86.0,High
48,109349.29,1,0,86.0,High
34,127122.79,3,1,86.0,High
54,0.0,1,1,86.0,High
48,106396.48,1,1,86.0,High
52,59669.43,1,0,85.0,High
54,120952.74,1,0,85.0,High
51,186825.57,1,0,85.0,High
49,97092.87,1,0,85.0,High
56,111642.08,1,1,85.0,High
57,0.0,3,1,85.0,High
39,0.0,3,0,84.0,High
44,119530.52,1,0,84.0,High
40,78119.59,4,0,84.0,High
49,113599.74,2,0,84.0,High
55,119327.93,1,1,84.0,High
70,96947.58,3,0,84.0,High
41,0.0,3,0,84.0,High
50,98173.02,1,0,83.0,High
46,66582.81,1,0,83.0,High
48,128140.17,1,0,83.0,High
25,113113.12,1,0,83.0,High
43,107963.38,1,0,83.0,High
45,45144.43,1,0,83.0,High
44,122314.5,1,0,83.0,High
52,125396.24,1,0,83.0,High
47,0.0,1,0,83.0,High
31,127331.46,3,1,83.0,High
44,0.0,4,0,82.0,High
51,116574.84,1,0,82.0,High
32,111537.23,4,1,82.0,High
44,108895.93,1,0,82.0,High
42,116646.76,1,0,82.0,High
45,122917.71,1,1,82.0,High
56,119963.45,1,0,82.0,High
49,134956.02,1,0,82.0,High
59,130854.59,1,1,82.0,High
45,109032.23,1,1,82.0,High
45,123949.75,1,0,81.0,High
56,99340.83,1,0,81.0,High
51,99183.9,1,1,81.0,High
42,0.0,1,0,81.0,High
51,100654.8,1,0,81.0,High
54,92877.33,1,0,81.0,High
50,125437.64,1,1,81.0,High
58,0.0,3,1,80.0,High
47,0.0,1,0,80.0,High
62,140745.33,1,0,80.0,High
50,0.0,1,1,80.0,High
47,122949.14,1,0,80.0,High
64,113109.52,1,0,79.0,High
57,101247.06,1,0,79.0,High
41,119276.31,1,0,79.0,High
57,111359.55,2,0,79.0,High
53,124954.94,1,1,79.0,High
43,99906.89,1,0,79.0,High
43,202443.47,1,0,79.0,High
49,0.0,1,0,79.0,High
31,132084.66,3,1,79.0,High
39,124586.93,1,0,78.0,High
52,103023.26,1,1,78.0,High
46,111288.18,1,1,78.0,High
39,102945.01,1,0,78.0,High
40,62389.03,3,0,78.0,High
39,115341.19,1,1,78.0,High
42,117691.0,1,1,78.0,High
40,111524.49,1,1,77.0,High
45,108231.37,1,1,77.0,High
49,96252.98,2,0,77.0,High
41,126550.7,1,0,77.0,High
33,130862.43,1,1,77.0,High
63,165350.61,2,0,77.0,High
51,0.0,3,0,77.0,High
48,133994.52,1,1,77.0,High
47,61196.54,1,0,76.0,High
36,103914.17,1,1,76.0,High
47,0.0,1,1,76.0,High
46,174701.05,1,0,75.0,High
49,147069.78,1,0,75.0,High
55,108477.27,1,1,75.0,High
44,138843.7,1,0,75.0,High
47,130747.1,1,0,75.0,High
50,123936.54,1,1,74.0,High
46,98752.51,1,0,74.0,High
45,114959.12,1,0,74.0,High
59,154110.99,2,0,74.0,High
45,121874.89,1,0,74.0,High
59,120170.07,1,1,74.0,High
71,170252.05,3,1,74.0,High
42,56228.25,1,0,74.0,High
51,40685.92,1,1,73.0,High
55,0.0,4,1,73.0,High
48,148116.48,1,0,73.0,High
41,0.0,3,0,73.0,High
42,115930.87,1,0,73.0,High
44,175303.06,1,0,72.0,High
40,108407.34,1,1,72.0,High
63,114552.6,1,0,71.0,High
43,0.0,1,0,71.0,High
51,126725.25,1,0,71.0,High
54,97382.53,1,1,71.0,High
32,106807.64,1,1,71.0,High
49,132934.89,1,0,71.0,High
47,0.0,1,0,71.0,High
43,115888.04,1,1,71.0,High
43,108508.82,3,0,70.0,High
46,0.0,1,1,70.0,High
51,138214.5,1,0,70.0,High
62,118233.81,1,1,70.0,High
38,0.0,1,0,70.0,High
46,107978.4,2,0,70.0,High
56,119496.25,2,0,69.0,High
48,0.0,1,0,69.0,High
63,123204.88,1,1,69.0,High
45,85325.93,1,0,69.0,High
40,107041.3,1,1,69.0,High
41,98612.1,1,0,69.0,High
49,0.0,1,0,69.0,High
31,117153.0,1,1,69.0,High
47,128486.11,1,0,69.0,High
44,23503.31,1,1,69.0,High
38,0.0,1,1,69.0,High
50,155393.32,1,1,69.0,High
46,65733.41,1,0,68.0,High
44,111100.98,1,1,68.0,High
55,63127.41,2,0,68.0,High
42,119919.12,1,0,68.0,High
49,173434.9,1,0,68.0,High
44,92436.86,1,0,68.0,High
42,0.0,1,0,68.0,High
57,163146.46,1,0,68.0,High
46,97042.6,1,1,67.0,High
38,0.0,3,0,67.0,High
41,124227.14,1,1,67.0,High
36,44054.84,1,1,67.0,High
64,128751.65,2,0,67.0,High
48,168286.58,1,0,67.0,High
47,109387.33,1,0,67.0,High
40,134590.21,1,1,67.0,High
39,109698.41,1,1,66.0,High
49,121973.28,1,0,66.0,High
45,0.0,1,0,66.0,High
76,95052.29,1,0,65.0,High
52,161209.66,1,1,65.0,High
35,0.0,3,1,65.0,High
53,0.0,1,1,65.0,High
37,0.0,3,0,65.0,High
74,108891.7,1,0,65.0,High
47,125724.95,2,0,65.0,High
53,0.0,2,0,65.0,High
47,0.0,1,1,64.0,High
32,0.0,4,1,64.0,High
44,149961.11,1,0,64.0,High
44,0.0,1,1,64.0,High
38,128218.47,1,0,64.0,High
38,0.0,1,1,64.0,High
36,129745.1,1,1,64.0,High
53,170491.84,1,0,64.0,High
43,127940.47,1,0,64.0,High
28,0.0,1,0,63.0,High
59,108585.35,1,1,63.0,High
57,113386.36,2,1,63.0,High
64,145215.43,1,1,63.0,High
37,129965.18,1,0,63.0,High
30,129753.69,1,0,63.0,High
44,153548.12,1,0,63.0,High
41,144260.5,1,0,63.0,High
44,81811.71,1,0,63.0,High
31,40915.55,1,0,62.0,High
41,130931.83,1,1,62.0,High
59,0.0,1,1,62.0,High
32,0.0,3,1,62.0,High
35,116269.01,1,0,62.0,High
47,0.0,1,0,62.0,High
44,189318.16,2,0,62.0,High
38,113599.42,1,0,62.0,High
45,164450.94,1,0,62.0,High
41,0.0,3,0,62.0,High
42,133636.16,1,1,61.0,High
42,0.0,1,1,61.0,High
52,97720.35,2,0,61.0,High
46,122549.64,1,1,61.0,High
44,152086.15,1,1,61.0,High
47,95120.59,1,0,61.0,High
29,133681.78,1,1,60.0,Medium
40,128644.46,1,0,60.0,Medium
43,116360.07,1,0,60.0,Medium
48,69329.47,1,0,60.0,Medium
48,138311.76,1,1,60.0,Medium
45,156353.46,1,0,60.0,Medium
64,105736.32,1,1,60.0,Medium
61,125193.96,1,1,60.0,Medium
50,121159.65,1,0,60.0,Medium
38,0.0,1,0,60.0,Medium
36,109646.83,1,1,60.0,Medium
32,149814.54,1,0,59.0,Medium
39,0.0,1,0,59.0,Medium
36,0.0,3,1,59.0,Medium
33,138335.96,1,1,59.0,Medium
49,0.0,1,1,58.0,Medium
42,165679.92,1,0,58.0,Medium
40,28649.64,1,1,58.0,Medium
41,0.0,4,1,58.0,Medium
37,105489.31,1,0,58.0,Medium
35,132253.22,1,0,57.0,Medium
42,75302.85,2,0,57.0,Medium
48,179380.74,2,1,57.0,Medium
35,110067.71,1,0,57.0,Medium
36,143421.74,1,0,57.0,Medium
37,109974.22,1,1,57.0,Medium
28,0.0,1,0,57.0,Medium
46,110031.09,2,1,57.0,Medium
36,99806.85,1,1,57.0,Medium
28,0.0,3,0,57.0,Medium
36,0.0,1,0,56.0,Medium
45,0.0,1,0,56.0,Medium
36,0.0,1,0,56.0,Medium
52,135870.01,2,0,56.0,Medium
39,0.0,1,0,56.0,Medium
33,122325.58,1,0,56.0,Medium
53,114233.18,1,1,56.0,Medium
37,133200.09,1,0,56.0,Medium
41,110624.99,1,0,56.0,Medium
45,157332.26,1,0,56.0,Medium
51,0.0,1,1,56.0,Medium
45,158621.04,1,0,56.0,Medium
53,45472.28,1,1,56.0,Medium
21,114292.48,1,0,55.0,Medium
42,99836.47,1,1,55.0,Medium
43,128760.32,1,0,55.0,Medium
66,111577.01,1,1,55.0,Medium
41,0.0,1,0,55.0,Medium
46,62212.29,1,1,55.0,Medium
47,148826.32,1,1,55.0,Medium
31,186796.37,1,0,55.0,Medium
45,103909.86,1,0,55.0,Medium
45,134264.04,1,0,54.0,Medium
35,103214.71,1,0,54.0,Medium
43,0.0,1,1,54.0,Medium
37,108308.11,1,0,54.0,Medium
30,112013.81,1,0,54.0,Medium
42,0.0,1,1,54.0,Medium
48,92347.96,1,1,54.0,Medium
45,138825.19,1,0,54.0,Medium
40,0.0,1,1,54.0,Medium
39,0.0,1,1,54.0,Medium
29,101012.77,1,0,54.0,Medium
40,115465.98,1,1,54.0,Medium
48,116711.06,2,0,54.0,Medium
47,134032.01,1,0,54.0,Medium
49,172713.44,1,0,54.0,Medium
42,139707.28,1,0,53.0,Medium
58,145984.92,1,1,53.0,Medium
50,127552.85,2,0,53.0,Medium
37,124053.03,1,0,53.0,Medium
44,88915.85,1,0,53.0,Medium
44,92911.52,1,1,53.0,Medium
42,0.0,1,1,53.0,Medium
37,0.0,1,0,53.0,Medium
40,100480.53,1,0,53.0,Medium
40,147171.2,1,1,53.0,Medium
33,119278.44,1,1,53.0,Medium
40,122038.34,1,0,53.0,Medium
45,139859.23,1,1,53.0,Medium
19,143390.51,1,0,53.0,Medium
41,0.0,1,1,53.0,Medium
50,113957.01,2,0,53.0,Medium
46,142360.62,2,0,53.0,Medium
45,53667.44,1,0,52.0,Medium
57,137936.94,1,1,52.0,Medium
71,69608.14,1,0,52.0,Medium
44,136836.49,1,0,52.0,Medium
44,0.0,1,0,52.0,Medium
27,129810.6,1,1,52.0,Medium
38,60013.81,1,1,52.0,Medium
42,0.0,1,0,52.0,Medium
38,130170.82,1,1,52.0,Medium
43,137638.69,1,0,52.0,Medium
48,129120.64,1,1,52.0,Medium
61,137655.31,1,1,52.0,Medium
28,155060.41,1,0,52.0,Medium
47,128252.66,1,1,52.0,Medium
48,110463.25,2,1,52.0,Medium
66,0.0,1,0,52.0,Medium
69,115462.44,1,0,51.0,Medium
46,0.0,1,0,51.0,Medium
39,0.0,1,0,51.0,Medium
41,103154.66,1,0,51.0,Medium
42,0.0,1,1,51.0,Medium
35,0.0,1,0,51.0,Medium
35,14262.8,2,0,51.0,Medium
43,0.0,1,1,51.0,Medium
50,128039.01,1,1,51.0,Medium
59,0.0,2,0,51.0,Medium
58,102346.86,1,1,51.0,Medium
44,0.0,2,0,50.0,Medium
45,139825.56,1,0,50.0,Medium
37,0.0,2,1,50.0,Medium
45,146758.24,1,0,50.0,Medium
34,146422.22,1,0,50.0,Medium
47,91522.04,2,1,50.0,Medium
45,0.0,1,0,50.0,Medium
48,118207.69,2,0,50.0,Medium
36,103294.56,1,0,50.0,Medium
54,68332.96,1,1,49.0,Medium
67,0.0,3,1,49.0,Medium
20,124365.42,1,0,49.0,Medium
44,129974.79,2,1,49.0,Medium
33,0.0,1,0,49.0,Medium
52,0.0,1,1,49.0,Medium
37,0.0,3,1,49.0,Medium
50,94504.35,1,1,49.0,Medium
56,0.0,1,1,49.0,Medium
40,167878.5,1,1,49.0,Medium
42,115961.58,2,1,49.0,Medium
36,140355.56,2,0,49.0,Medium
50,104129.24,2,0,49.0,Medium
32,130627.66,1,0,49.0,Medium
37,115217.99,2,0,49.0,Medium
39,137843.8,1,1,48.0,Medium
47,118560.0,1,0,48.0,Medium
49,204510.94,1,1,48.0,Medium
43,105301.5,1,1,48.0,Medium
41,115465.28,1,0,48.0,Medium
31,108914.17,1,1,48.0,Medium
38,116520.28,1,1,48.0,Medium
40,0.0,1,1,48.0,Medium
41,127087.06,1,0,48.0,Medium
46,106521.49,1,1,48.0,Medium
44,139432.37,1,0,48.0,Medium
41,132670.53,1,0,48.0,Medium
41,153238.88,1,0,47.0,Medium
36,119799.27,2,0,47.0,Medium
39,75339.64,1,1,47.0,Medium
44,133866.22,1,1,47.0,Medium
26,102395.79,1,0,47.0,Medium
56,138227.19,2,1,47.0,Medium
44,0.0,1,1,47.0,Medium
41,0.0,1,1,47.0,Medium
32,117070.21,1,0,47.0,Medium
46,0.0,1,0,47.0,Medium
40,61671.19,1,1,46.0,Medium
35,124098.54,1,0,46.0,Medium
46,119492.88,2,1,46.0,Medium
46,177619.71,1,0,46.0,Medium
46,127476.73,2,1,46.0,Medium
46,79385.21,2,0,46.0,Medium
42,121453.63,1,0,46.0,Medium
40,113794.22,1,0,46.0,Medium
33,132603.36,1,0,46.0,Medium
40,77641.99,1,0,46.0,Medium
37,100431.84,1,0,46.0,Medium
50,144895.05,2,1,46.0,Medium
44,81553.93,1,0,46.0,Medium
39,126935.98,2,1,46.0,Medium
53,121389.78,1,1,46.0,Medium
44,76495.04,1,0,46.0,Medium
41,130385.82,1,1,45.0,Medium
41,0.0,1,1,45.0,Medium
19,0.0,1,0,45.0,Medium
46,157866.77,1,1,45.0,Medium
35,0.0,1,1,45.0,Medium
50,139675.07,2,0,45.0,Medium
36,0.0,1,0,45.0,Medium
40,0.0,1,0,45.0,Medium
22,0.0,1,0,45.0,Medium
50,0.0,2,0,45.0,Medium
40,79035.95,1,0,45.0,Medium
53,113537.73,1,1,44.0,Medium
46,0.0,2,0,44.0,Medium
28,113690.83,1,0,44.0,Medium
37,128645.67,1,0,44.0,Medium
44,123322.15,1,0,44.0,Medium
31,175443.75,1,0,44.0,Medium
39,133707.09,1,1,44.0,Medium
40,133245.52,2,1,44.0,Medium
41,142015.76,2,0,44.0,Medium
40,99745.95,1,0,44.0,Medium
42,50194.59,1,1,44.0,Medium
42,0.0,1,0,44.0,Medium
40,74896.92,1,0,44.0,Medium
49,128663.9,1,0,44.0,Medium
45,88656.37,2,0,44.0,Medium
35,0.0,1,0,44.0,Medium
39,95252.72,1,0,44.0,Medium
40,55776.39,2,0,44.0,Medium
40,125832.2,1,1,44.0,Medium
43,148962.76,1,1,43.0,Medium
31,111589.67,1,0,43.0,Medium
41,126670.37,1,0,43.0,Medium
35,59408.63,1,0,43.0,Medium
55,155196.17,1,1,43.0,Medium
42,85679.25,1,1,43.0,Medium
43,79120.27,1,0,43.0,Medium
46,141726.88,1,1,43.0,Medium
44,96553.52,2,0,43.0,Medium
32,178095.55,1,0,43.0,Medium
47,160729.1,1,1,43.0,Medium
36,114997.42,1,0,43.0,Medium
35,95698.79,1,1,43.0,Medium
54,152677.48,1,1,43.0,Medium
34,132439.99,1,0,43.0,Medium
47,90450.0,2,0,43.0,Medium
46,170826.55,2,0,43.0,Medium
40,105683.63,1,0,43.0,Medium
42,0.0,1,1,43.0,Medium
36,119984.07,1,0,43.0,Medium
39,160903.2,1,0,43.0,Medium
40,139022.24,1,1,43.0,Medium
32,104336.43,2,0,42.0,Medium
40,139180.97,1,1,42.0,Medium
38,82259.29,1,0,42.0,Medium
43,0.0,1,0,42.0,Medium
41,123475.04,1,1,42.0,Medium
37,156091.97,1,0,42.0,Medium
41,153895.65,1,1,42.0,Medium
32,132178.67,1,0,42.0,Medium
38,0.0,1,0,42.0,Medium
40,0.0,1,0,42.0,Medium
40,124788.18,1,0,42.0,Medium
38,144606.22,1,1,42.0,Medium
44,107726.93,2,0,42.0,Medium
38,103653.51,2,1,42.0,Medium
39,91068.56,1,0,42.0,Medium
41,109941.51,1,0,42.0,Medium
40,0.0,1,1,42.0,Medium
43,110646.54,1,0,42.0,Medium
37,166115.42,1,0,42.0,Medium
42,137560.38,2,1,42.0,Medium
33,0.0,1,0,42.0,Medium
30,0.0,1,0,41.0,Medium
48,127253.98,1,1,41.0,Medium
40,123497.58,1,0,41.0,Medium
35,121863.61,1,1,41.0,Medium
28,0.0,1,0,41.0,Medium
41,57568.94,1,1,41.0,Medium
37,96558.66,1,0,41.0,Medium
30,136650.89,1,1,41.0,Medium
38,0.0,1,0,41.0,Medium
39,0.0,1,0,41.0,Medium
41,112119.48,1,0,41.0,Medium
38,142316.14,1,1,41.0,Medium
42,80380.24,1,0,41.0,Medium
31,41299.03,1,1,40.0,Medium
42,120233.83,1,0,40.0,Medium
30,0.0,1,0,40.0,Medium
55,155828.22,1,1,40.0,Medium
28,115265.14,1,0,40.0,Medium
42,108010.78,1,1,40.0,Medium
42,192390.52,2,0,40.0,Medium
25,108738.71,2,0,40.0,Medium
44,125512.98,2,0,40.0,Medium
34,129398.01,2,0,40.0,Medium
52,93590.47,1,1,40.0,Medium
40,114446.84,2,1,40.0,Medium
39,0.0,1,1,40.0,Medium
39,146200.01,1,0,40.0,Medium
41,125785.23,1,1,40.0,Medium
41,109508.68,1,0,40.0,Medium
34,74309.81,1,0,40.0,Medium
46,95502.21,1,0,40.0,Medium
42,106036.52,1,0,40.0,Medium
36,91286.51,1,0,40.0,Medium
33,115130.34,1,0,40.0,Medium
32,0.0,1,0,40.0,Medium
41,146720.98,2,1,39.0,Medium
58,53772.73,1,1,39.0,Medium
43,116121.67,1,0,39.0,Medium
45,80793.58,1,1,39.0,Medium
51,155903.82,2,1,39.0,Medium
45,143734.01,2,1,39.0,Medium
46,74458.25,1,1,39.0,Medium
39,0.0,1,0,39.0,Medium
21,132312.06,1,0,39.0,Medium
63,0.0,2,0,39.0,Medium
50,136953.47,1,1,39.0,Medium
59,126224.87,1,1,39.0,Medium
41,154007.21,1,0,39.0,Medium
45,135827.33,2,1,39.0,Medium
41,143350.41,1,1,39.0,Medium
41,115144.68,1,0,38.0,Medium
41,153198.23,1,1,38.0,Medium
41,101179.23,2,1,38.0,Medium
36,174180.39,1,0,38.0,Medium
42,124626.07,1,1,38.0,Medium
29,129750.68,1,0,38.0,Medium
38,134887.53,1,1,38.0,Medium
51,104760.82,1,1,38.0,Medium
33,152302.72,1,0,38.0,Medium
58,216109.88,1,1,38.0,Medium
34,122952.9,2,0,38.0,Medium
42,99580.13,1,0,38.0,Medium
43,123105.88,2,0,38.0,Medium
36,0.0,1,0,38.0,Medium
40,102800.65,1,0,38.0,Medium
56,96951.21,1,1,37.0,Medium
42,75681.52,1,1,37.0,Medium
43,119127.46,2,0,37.0,Medium
45,129209.48,1,0,37.0,Medium
35,122917.69,1,1,37.0,Medium
41,136733.24,1,1,37.0,Medium
42,92578.14,2,0,37.0,Medium
47,117879.32,1,1,37.0,Medium
40,0.0,1,0,37.0,Medium
26,180530.51,1,0,37.0,Medium
22,101528.61,1,0,37.0,Medium
38,59360.77,1,1,37.0,Medium
32,0.0,1,0,37.0,Medium
38,166328.65,2,1,37.0,Medium
33,187257.94,1,1,37.0,Medium
45,99169.67,2,1,36.0,Medium
41,108128.52,1,1,36.0,Medium
58,101579.28,1,1,36.0,Medium
63,139529.93,2,1,36.0,Medium
49,82321.88,1,1,36.0,Medium
32,109196.67,2,0,36.0,Medium
29,166930.76,2,0,36.0,Medium
40,84315.02,1,0,36.0,Medium
46,150213.71,1,0,36.0,Medium
55,110123.59,1,1,36.0,Medium
29,99250.08,1,1,36.0,Medium
48,138333.03,1,1,36.0,Medium
41,0.0,1,1,36.0,Medium
58,116353.2,2,1,36.0,Medium
43,160416.56,1,1,36.0,Medium
37,95845.6,1,0,36.0,Medium
34,127758.09,1,0,36.0,Medium
48,138778.15,1,1,36.0,Medium
52,111284.53,1,1,35.0,Medium
42,152160.21,2,0,35.0,Medium
39,136258.06,1,0,35.0,Medium
44,121250.04,1,1,35.0,Medium
40,0.0,1,1,35.0,Medium
37,0.0,1,0,35.0,Medium
39,0.0,1,1,35.0,Medium
42,190569.23,1,1,35.0,Medium
40,100471.34,1,1,35.0,Medium
42,0.0,2,0,35.0,Medium
29,141389.06,1,0,35.0,Medium
39,118336.14,1,0,35.0,Medium
41,87541.06,2,1,35.0,Medium
27,0.0,3,1,35.0,Medium
39,76769.68,1,0,35.0,Medium
62,0.0,1,1,35.0,Medium
49,150777.72,2,1,34.0,Medium
38,86569.76,2,0,34.0,Medium
62,137727.34,2,1,34.0,Medium
45,109044.3,1,1,34.0,Medium
68,126061.51,2,1,34.0,Medium
30,154159.51,1,0,34.0,Medium
41,84622.13,1,1,34.0,Medium
44,112610.77,1,1,34.0,Medium
69,0.0,2,0,34.0,Medium
47,127286.04,2,1,34.0,Medium
34,83264.28,1,0,34.0,Medium
29,43504.42,1,1,34.0,Medium
32,151922.94,1,0,34.0,Medium
39,152462.79,1,0,34.0,Medium
30,145127.85,1,0,34.0,Medium
30,0.0,1,0,34.0,Medium
39,151963.26,2,0,34.0,Medium
38,171913.87,1,0,33.0,Medium
33,0.0,1,1,33.0,Medium
39,122524.61,2,0,33.0,Medium
31,138317.94,1,0,33.0,Medium
42,98548.62,2,1,33.0,Medium
43,166522.78,1,0,33.0,Medium
39,111695.62,1,0,33.0,Medium
67,123276.69,2,1,33.0,Medium
19,0.0,1,1,33.0,Medium
42,137781.65,1,0,33.0,Medium
38,0.0,1,0,33.0,Medium
27,62092.9,1,1,33.0,Medium
45,116546.59,2,0,32.0,Medium
29,140720.93,1,0,32.0,Medium
30,127406.5,1,0,32.0,Medium
55,154393.43,1,1,32.0,Medium
53,109330.06,1,1,32.0,Medium
43,161807.18,2,1,32.0,Medium
59,0.0,2,0,32.0,Medium
40,148790.61,1,1,32.0,Medium
34,0.0,1,1,32.0,Medium
41,58820.32,2,1,32.0,Medium
35,147285.52,1,1,31.0,Medium
35,127801.88,1,1,31.0,Medium
34,148962.46,1,0,31.0,Medium
59,152614.51,2,1,31.0,Medium
39,112687.69,1,1,31.0,Medium
18,0.0,2,1,31.0,Medium
35,122570.69,1,0,31.0,Medium
52,100755.66,1,1,31.0,Medium
39,136000.45,2,0,31.0,Medium
40,109542.29,1,1,31.0,Medium
45,124693.48,1,1,31.0,Medium
45,123859.6,1,1,31.0,Medium
31,0.0,1,1,31.0,Medium
39,129709.62,1,0,31.0,Medium
39,0.0,1,0,31.0,Medium
50,159304.07,1,1,31.0,Medium
32,0.0,1,0,30.0,Low
38,0.0,1,1,30.0,Low
31,51293.47,1,0,30.0,Low
40,136093.74,1,1,30.0,Low
30,0.0,2,1,30.0,Low
62,167026.61,2,1,30.0,Low
27,135277.96,1,0,30.0,Low
61,66250.71,1,1,30.0,Low
42,63227.0,1,1,30.0,Low
27,0.0,1,0,30.0,Low
41,0.0,1,1,30.0,Low
33,122394.0,1,1,30.0,Low
32,160680.41,1,0,30.0,Low
39,0.0,1,0,30.0,Low
37,137794.18,2,1,30.0,Low
32,146033.62,1,0,30.0,Low
38,88736.44,2,0,29.0,Low
39,121778.71,1,1,29.0,Low
39,182491.57,1,0,29.0,Low
50,78737.61,1,1,29.0,Low
38,74306.19,2,0,29.0,Low
34,106288.54,1,1,29.0,Low
49,202904.64,1,1,29.0,Low
44,168165.84,1,1,29.0,Low
40,0.0,2,0,29.0,Low
54,134249.7,1,1,29.0,Low
38,38848.19,2,0,29.0,Low
37,113865.23,2,1,29.0,Low
30,136622.55,2,0,29.0,Low
38,122447.76,1,0,29.0,Low
63,120787.18,2,1,29.0,Low
36,0.0,1,1,29.0,Low
48,102290.56,2,0,29.0,Low
38,107283.4,1,0,28.0,Low
36,74974.89,1,1,28.0,Low
36,99240.51,1,0,28.0,Low
22,118680.57,1,1,28.0,Low
37,98459.6,1,0,28.0,Low
37,168066.87,1,0,28.0,Low
36,138992.48,2,0,28.0,Low
41,150302.84,1,1,28.0,Low
44,142051.07,2,1,28.0,Low
44,0.0,2,0,28.0,Low
47,148636.21,1,1,28.0,Low
63,137715.66,1,1,28.0,Low
41,80542.81,1,0,28.0,Low
48,136596.85,1,1,28.0,Low
53,113709.28,1,1,28.0,Low
73,137761.55,1,1,28.0,Low
36,77967.5,1,0,28.0,Low
35,126397.66,1,0,28.0,Low
43,0.0,2,0,28.0,Low
37,140363.95,2,1,28.0,Low
43,0.0,2,0,28.0,Low
31,0.0,1,0,28.0,Low
69,183744.98,1,1,28.0,Low
59,170331.37,1,1,28.0,Low
37,96651.03,1,1,28.0,Low
23,0.0,1,0,28.0,Low
33,124067.32,1,1,28.0,Low
40,124339.9,1,0,27.0,Low
38,113607.47,1,0,27.0,Low
40,101891.1,1,1,27.0,Low
39,162390.52,2,0,27.0,Low
28,179960.2,1,0,27.0,Low
66,103291.25,2,1,27.0,Low
30,122924.75,1,0,27.0,Low
40,141782.57,2,0,27.0,Low
48,0.0,2,0,27.0,Low
37,157084.99,1,0,27.0,Low
34,0.0,1,0,27.0,Low
42,104430.08,1,1,27.0,Low
43,163159.85,1,1,27.0,Low
29,144287.6,2,0,27.0,Low
31,125175.58,1,1,27.0,Low
41,0.0,1,1,27.0,Low
33,88294.6,1,0,27.0,Low
39,0.0,1,0,27.0,Low
51,110610.41,2,1,27.0,Low
32,192122.84,1,1,27.0,Low
37,178755.84,1,0,27.0,Low
37,0.0,2,0,26.0,Low
36,206329.65,1,1,26.0,Low
38,112281.7,1,1,26.0,Low
40,101090.27,1,1,26.0,Low
38,135919.33,1,0,26.0,Low
46,128029.72,1,1,26.0,Low
37,93124.04,2,1,26.0,Low
40,138033.55,1,1,26.0,Low
25,0.0,1,1,26.0,Low
52,105355.81,1,0,26.0,Low
35,128415.45,1,0,26.0,Low
30,32197.64,1,1,26.0,Low
53,0.0,2,1,26.0,Low
47,97023.21,1,1,26.0,Low
31,108822.4,1,1,26.0,Low
44,113522.64,1,1,26.0,Low
36,143680.47,2,1,26.0,Low
40,113348.5,1,1,26.0,Low
36,73211.12,2,0,26.0,Low
37,132730.17,1,0,26.0,Low
56,128882.49,1,1,26.0,Low
33,99106.73,1,0,26.0,Low
29,145294.08,2,0,26.0,Low
39,142406.43,2,0,26.0,Low
31,0.0,1,1,26.0,Low
30,106629.49,1,1,26.0,Low
62,64119.38,1,1,26.0,Low
33,144753.21,1,1,26.0,Low
38,104339.56,1,0,26.0,Low
41,135071.12,1,1,26.0,Low
31,125341.69,1,0,26.0,Low
40,125909.85,1,1,25.0,Low
44,116363.37,2,0,25.0,Low
42,0.0,2,0,25.0,Low
34,152303.8,1,0,25.0,Low
29,119670.18,1,0,25.0,Low
38,73023.17,2,0,25.0,Low
47,86006.21,1,1,25.0,Low
44,0.0,2,0,25.0,Low
42,112419.92,1,1,25.0,Low
35,163943.89,2,1,25.0,Low
22,0.0,1,1,25.0,Low
41,143443.61,1,0,25.0,Low
29,157829.12,1,0,25.0,Low
59,103996.74,1,1,25.0,Low
42,156864.2,2,0,25.0,Low
71,0.0,1,1,25.0,Low
44,49157.09,2,0,25.0,Low
39,150500.64,1,0,25.0,Low
33,129834.67,1,0,25.0,Low
27,124995.98,1,1,25.0,Low
48,123764.95,1,1,25.0,Low
39,0.0,2,0,25.0,Low
37,0.0,1,1,25.0,Low
34,0.0,1,0,25.0,Low
38,120599.21,1,0,25.0,Low
40,145536.9,1,1,25.0,Low
26,102073.67,2,0,24.0,Low
35,0.0,1,1,24.0,Low
39,111233.09,1,1,24.0,Low
34,149940.04,2,0,24.0,Low
38,85982.07,1,0,24.0,Low
34,117451.47,1,0,24.0,Low
58,122330.7,2,1,24.0,Low
30,0.0,1,0,24.0,Low
42,138650.49,2,0,24.0,Low
51,174397.21,2,1,24.0,Low
38,142263.45,1,1,24.0,Low
38,0.0,2,0,24.0,Low
63,162278.32,1,1,24.0,Low
41,0.0,2,0,24.0,Low
41,91612.91,1,1,24.0,Low
35,165692.91,1,1,24.0,Low
48,101238.24,2,1,24.0,Low
28,109161.25,1,0,24.0,Low
31,0.0,1,1,24.0,Low
36,126477.42,1,0,24.0,Low
34,0.0,1,0,23.0,Low
64,175754.87,2,1,23.0,Low
40,45408.85,2,0,23.0,Low
45,144889.18,1,1,23.0,Low
36,65253.07,2,0,23.0,Low
36,97234.58,1,0,23.0,Low
39,97819.36,1,1,23.0,Low
37,153366.13,1,1,23.0,Low
54,0.0,2,1,23.0,Low
38,103895.31,1,1,23.0,Low
41,179904.0,1,1,23.0,Low
34,135549.9,1,0,23.0,Low
34,54980.81,1,1,23.0,Low
34,164757.56,1,0,23.0,Low
40,97001.36,2,0,23.0,Low
54,78126.28,1,1,23.0,Low
46,0.0,2,0,23.0,Low
35,104508.1,1,1,23.0,Low
34,164011.48,1,0,23.0,Low
44,134066.1,2,1,23.0,Low
39,0.0,1,1,23.0,Low
38,142289.28,1,1,22.0,Low
26,135889.13,1,1,22.0,Low
24,108528.07,2,0,22.0,Low
40,163823.37,1,0,22.0,Low
44,157955.83,2,0,22.0,Low
40,176914.8,1,1,22.0,Low
34,176311.36,1,0,22.0,Low
36,91132.18,1,0,22.0,Low
64,136770.67,1,1,22.0,Low
39,47685.47,2,1,22.0,Low
23,139224.92,2,0,22.0,Low
32,0.0,1,0,22.0,Low
51,0.0,2,1,22.0,Low
37,113899.92,1,0,22.0,Low
43,157960.49,2,0,22.0,Low
30,110153.27,1,1,22.0,Low
51,116197.65,2,1,22.0,Low
41,112871.19,2,1,22.0,Low
33,83134.3,1,0,22.0,Low
50,94748.76,2,1,22.0,Low
43,127806.91,1,1,22.0,Low
40,93183.19,1,0,22.0,Low
30,0.0,1,1,22.0,Low
34,0.0,2,0,22.0,Low
41,122545.65,2,1,22.0,Low
54,137986.58,2,1,22.0,Low
35,0.0,2,0,22.0,Low
37,103772.45,1,0,21.0,Low
39,111169.91,1,0,21.0,Low
34,146679.77,1,0,21.0,Low
30,57809.32,1,0,21.0,Low
38,151766.71,1,1,21.0,Low
42,146766.72,2,1,21.0,Low
39,135096.77,1,1,21.0,Low
35,129847.75,2,0,21.0,Low
44,168396.34,1,1,21.0,Low
34,0.0,1,0,21.0,Low
42,157498.9,1,1,21.0,Low
36,148061.89,1,0,21.0,Low
28,95357.49,1,0,21.0,Low
43,0.0,2,0,21.0,Low
35,112727.06,2,0,21.0,Low
40,140197.71,2,0,21.0,Low
20,167685.56,1,0,21.0,Low
67,130652.52,1,1,21.0,Low
39,133191.19,2,1,21.0,Low
31,148913.72,2,0,21.0,Low
28,124540.28,1,1,21.0,Low
46,99786.07,1,1,21.0,Low
42,118546.71,1,1,21.0,Low
38,134811.3,1,0,21.0,Low
34,125566.9,1,1,21.0,Low
32,138901.61,1,0,21.0,Low
36,0.0,1,0,21.0,Low
36,108239.11,2,0,21.0,Low
37,134560.62,1,0,21.0,Low
30,0.0,2,0,21.0,Low
35,133087.76,1,0,21.0,Low
43,121152.05,2,0,21.0,Low
28,116755.5,2,1,21.0,Low
28,142574.71,2,0,21.0,Low
43,136487.86,2,0,21.0,Low
29,0.0,1,1,20.0,Low
39,0.0,2,1,20.0,Low
39,129626.19,2,1,20.0,Low
47,0.0,2,0,20.0,Low
36,117864.85,2,0,20.0,Low
35,147936.42,1,1,20.0,Low
26,0.0,1,0,20.0,Low
42,0.0,2,0,20.0,Low
40,101514.89,1,1,20.0,Low
24,79263.9,1,1,20.0,Low
39,0.0,1,1,20.0,Low
37,94901.09,1,1,20.0,Low
21,98993.02,1,1,20.0,Low
38,72594.0,1,1,20.0,Low
32,80262.66,1,0,20.0,Low
69,78833.15,2,1,20.0,Low
35,125920.98,1,1,20.0,Low
36,118520.26,1,0,20.0,Low
84,92242.34,1,1,20.0,Low
34,106937.05,2,0,20.0,Low
46,0.0,2,0,20.0,Low
40,110340.68,1,1,20.0,Low
26,114450.32,1,1,20.0,Low
36,156948.41,1,1,19.0,Low
35,90413.12,1,1,19.0,Low
33,83199.05,1,0,19.0,Low
33,124573.33,2,0,19.0,Low
31,102016.72,2,0,19.0,Low
54,171137.62,1,1,19.0,Low
30,0.0,3,1,19.0,Low
30,153972.89,2,0,19.0,Low
35,124580.69,1,1,19.0,Low
42,102870.93,1,1,19.0,Low
34,91622.42,1,1,19.0,Low
38,174937.64,1,0,19.0,Low
44,91115.76,2,0,19.0,Low
27,90971.85,1,1,19.0,Low
23,104753.84,2,0,19.0,Low
32,191775.65,1,0,19.0,Low
35,107944.33,2,0,19.0,Low
36,126598.99,2,1,19.0,Low
34,117593.48,2,0,19.0,Low
24,101195.23,1,0,19.0,Low
37,0.0,1,1,19.0,Low
67,149436.73,2,1,19.0,Low
48,167997.6,1,1,19.0,Low
34,185734.75,1,1,19.0,Low
28,96381.68,2,0,18.0,Low
39,0.0,1,1,18.0,Low
36,0.0,2,0,18.0,Low
45,105525.65,2,1,18.0,Low
35,87619.29,1,0,18.0,Low
35,82453.96,2,0,18.0,Low
39,101851.8,2,0,18.0,Low
38,0.0,1,1,18.0,Low
38,125385.49,2,1,18.0,Low
37,117271.8,2,0,18.0,Low
29,102609.0,1,0,18.0,Low
33,164704.38,1,1,18.0,Low
92,126076.24,2,1,18.0,Low
45,105266.32,2,1,18.0,Low
39,117103.26,2,1,18.0,Low
46,0.0,2,1,18.0,Low
38,132951.92,1,1,18.0,Low
58,152199.33,1,1,18.0,Low
33,96759.42,1,1,18.0,Low
32,0.0,1,1,18.0,Low
57,138456.03,2,1,18.0,Low
32,141827.33,2,1,18.0,Low
27,125167.74,1,0,18.0,Low
69,163975.09,1,1,18.0,Low
18,90544.0,1,1,18.0,Low
67,103267.8,1,1,18.0,Low
29,209490.21,1,1,18.0,Low
38,126645.13,1,1,18.0,Low
25,174330.35,2,0,18.0,Low
60,125389.7,2,1,18.0,Low
25,82506.72,2,0,18.0,Low
30,191091.74,2,1,18.0,Low
41,79857.64,1,1,18.0,Low
39,130694.89,2,1,18.0,Low
26,139584.57,1,0,18.0,Low
39,0.0,2,0,18.0,Low
36,123187.51,1,1,17.0,Low
42,161651.37,2,1,17.0,Low
59,119152.1,2,1,17.0,Low
38,124483.53,1,0,17.0,Low
29,120307.58,1,1,17.0,Low
49,116622.73,1,1,17.0,Low
33,158456.76,1,1,17.0,Low
39,132077.48,2,0,17.0,Low
38,134006.77,1,0,17.0,Low
41,147974.16,2,0,17.0,Low
21,87096.82,2,0,17.0,Low
32,96408.98,1,1,17.0,Low
35,127510.99,1,1,17.0,Low
28,160376.61,1,0,17.0,Low
32,139626.01,1,1,17.0,Low
41,94521.17,2,0,17.0,Low
28,84121.04,1,1,17.0,Low
31,152622.34,1,0,17.0,Low
33,122531.86,1,0,17.0,Low
38,122267.85,1,0,17.0,Low
41,126773.43,1,1,17.0,Low
35,114193.24,1,0,17.0,Low
31,97338.19,2,0,17.0,Low
31,0.0,1,1,17.0,Low
33,150092.8,1,0,17.0,Low
41,200117.76,2,0,17.0,Low
73,0.0,1,1,17.0,Low
40,95624.36,2,1,17.0,Low
18,134796.87,2,1,17.0,Low
40,144757.97,2,1,17.0,Low
26,118097.87,1,0,17.0,Low
52,0.0,2,1,17.0,Low
25,111432.13,1,1,17.0,Low
51,0.0,2,0,17.0,Low
38,138731.95,1,1,17.0,Low
43,85162.26,1,1,17.0,Low
33,89968.69,1,0,16.0,Low
67,151858.98,1,1,16.0,Low
35,0.0,1,0,16.0,Low
33,125789.69,1,0,16.0,Low
33,117413.95,1,1,16.0,Low
29,197200.04,2,0,16.0,Low
29,130306.49,1,0,16.0,Low
30,111099.79,2,0,16.0,Low
62,0.0,1,1,16.0,Low
40,0.0,2,0,16.0,Low
34,162691.16,2,0,16.0,Low
38,54901.01,1,1,16.0,Low
30,70729.17,1,1,16.0,Low
28,0.0,2,1,16.0,Low
33,156297.58,2,1,16.0,Low
30,0.0,2,0,16.0,Low
32,137714.25,1,1,16.0,Low
42,187534.79,1,1,16.0,Low
51,0.0,2,1,16.0,Low
37,108269.37,1,0,16.0,Low
33,160777.9,1,1,16.0,Low
37,146748.07,1,1,16.0,Low
42,75075.31,2,0,16.0,Low
39,102025.08,2,0,16.0,Low
26,98684.15,1,0,16.0,Low
28,61581.97,1,1,16.0,Low
31,0.0,1,1,16.0,Low
46,0.0,2,0,16.0,Low
39,70657.61,2,1,16.0,Low
38,115341.55,1,1,16.0,Low
68,82547.11,2,1,16.0,Low
40,134320.23,2,0,16.0,Low
40,155455.43,1,1,16.0,Low
50,160139.59,2,1,16.0,Low
34,132352.69,1,0,16.0,Low
41,123428.69,1,1,16.0,Low
24,57929.81,2,0,15.0,Low
31,0.0,1,1,15.0,Low
39,130051.66,2,0,15.0,Low
35,124151.09,1,0,15.0,Low
29,96462.25,2,1,15.0,Low
29,59697.17,2,1,15.0,Low
49,0.0,2,1,15.0,Low
71,149105.08,1,1,15.0,Low
29,0.0,1,0,15.0,Low
63,97009.15,1,1,15.0,Low
45,0.0,2,1,15.0,Low
37,140211.88,1,1,15.0,Low
38,96939.06,1,1,15.0,Low
34,146407.11,1,1,15.0,Low
28,0.0,2,0,15.0,Low
29,0.0,1,0,15.0,Low
32,123403.85,2,0,15.0,Low
45,84692.5,1,1,15.0,Low
42,77002.2,2,1,15.0,Low
26,105522.06,1,0,15.0,Low
35,135984.15,2,0,15.0,Low
59,113657.83,1,1,15.0,Low
25,0.0,1,1,15.0,Low
31,156111.24,1,0,15.0,Low
23,115636.05,2,0,15.0,Low
32,169089.38,2,0,15.0,Low
35,166518.63,2,0,15.0,Low
39,0.0,2,0,15.0,Low
25,137712.01,1,1,15.0,Low
45,103821.47,2,1,15.0,Low
31,109052.59,2,1,15.0,Low
68,153545.11,1,1,15.0,Low
32,40172.91,1,1,15.0,Low
23,113923.81,2,0,15.0,Low
23,113758.48,2,0,15.0,Low
40,47869.69,2,1,15.0,Low
29,0.0,1,1,14.0,Low
23,151097.28,1,1,14.0,Low
76,130334.84,2,1,14.0,Low
34,117731.79,2,1,14.0,Low
32,79450.09,1,1,14.0,Low
28,77776.39,1,0,14.0,Low
29,103907.28,1,0,14.0,Low
42,88120.97,2,1,14.0,Low
27,132576.25,1,0,14.0,Low
31,55732.92,2,1,14.0,Low
42,0.0,2,0,14.0,Low
29,132954.64,1,1,14.0,Low
38,154763.21,2,1,14.0,Low
43,119654.44,2,1,14.0,Low
48,0.0,2,1,14.0,Low
28,118890.81,1,1,14.0,Low
37,0.0,2,0,14.0,Low
30,135370.12,1,1,14.0,Low
27,152283.39,1,0,14.0,Low
33,101286.11,1,1,14.0,Low
37,88141.1,1,0,14.0,Low
22,114415.84,1,1,14.0,Low
37,0.0,2,1,14.0,Low
27,117578.35,2,1,14.0,Low
41,0.0,2,1,14.0,Low
32,108235.91,1,1,14.0,Low
27,155879.09,2,0,14.0,Low
25,0.0,1,1,14.0,Low
40,162261.01,2,0,14.0,Low
43,85957.88,2,0,14.0,Low
25,0.0,1,1,14.0,Low
33,111060.05,2,0,14.0,Low
46,0.0,2,0,13.0,Low
33,0.0,1,0,13.0,Low
28,200724.96,1,1,13.0,Low
31,61211.18,1,1,13.0,Low
34,134260.36,2,0,13.0,Low
38,130015.24,1,1,13.0,Low
32,111589.33,1,1,13.0,Low
39,157691.98,2,0,13.0,Low
38,115463.16,1,0,13.0,Low
45,0.0,2,0,13.0,Low
35,118894.22,1,0,13.0,Low
38,88758.95,2,0,13.0,Low
37,130622.34,2,1,13.0,Low
38,86977.96,1,1,13.0,Low
38,88293.13,2,1,13.0,Low
35,110046.93,2,0,13.0,Low
24,140453.91,1,0,13.0,Low
25,130866.19,1,0,13.0,Low
34,53299.96,2,1,13.0,Low
35,124525.52,1,1,13.0,Low
33,0.0,2,1,13.0,Low
37,118433.94,1,1,13.0,Low
33,183768.47,1,0,13.0,Low
31,155271.83,1,1,13.0,Low
28,95328.6,1,0,13.0,Low
30,205770.78,2,0,13.0,Low
34,78829.53,1,1,13.0,Low
44,165326.2,1,1,13.0,Low
33,0.0,2,0,13.0,Low
67,94203.8,1,1,13.0,Low
69,105303.73,1,1,13.0,Low
27,90721.52,2,0,13.0,Low
27,135096.05,1,1,13.0,Low
23,126873.52,1,1,13.0,Low
43,112088.04,2,1,13.0,Low
43,0.0,2,1,13.0,Low
35,104783.81,2,1,12.0,Low
41,0.0,2,0,12.0,Low
30,107499.7,1,1,12.0,Low
25,106570.34,2,1,12.0,Low
43,0.0,2,0,12.0,Low
55,0.0,2,1,12.0,Low
31,58662.92,2,1,12.0,Low
34,0.0,2,0,12.0,Low
33,174912.72,1,1,12.0,Low
38,71667.97,2,0,12.0,Low
32,106301.85,2,1,12.0,Low
30,140916.81,1,0,12.0,Low
34,110717.38,1,1,12.0,Low
25,74237.2,2,1,12.0,Low
36,152606.82,1,1,12.0,Low
37,111852.84,2,0,12.0,Low
38,148045.68,1,0,12.0,Low
37,97324.91,1,0,12.0,Low
31,78990.15,1,1,12.0,Low
32,147511.26,1,1,12.0,Low
27,123599.49,2,0,12.0,Low
24,148298.59,2,0,12.0,Low
43,69014.49,2,0,12.0,Low
77,80926.02,2,1,12.0,Low
36,131307.11,1,0,12.0,Low
25,94049.92,2,0,12.0,Low
41,0.0,2,1,12.0,Low
32,175214.71,1,1,12.0,Low
38,163965.69,2,1,12.0,Low
24,97378.54,1,1,12.0,Low
22,154377.3,1,1,12.0,Low
38,128718.78,1,0,12.0,Low
38,0.0,2,0,12.0,Low
40,0.0,2,1,12.0,Low
35,115651.6,2,1,12.0,Low
35,96473.59,1,0,12.0,Low
36,104702.65,2,0,12.0,Low
44,0.0,2,1,12.0,Low
36,0.0,2,1,12.0,Low
39,96863.13,1,1,12.0,Low
33,151233.62,1,0,12.0,Low
37,0.0,2,0,12.0,Low
40,139930.18,1,1,12.0,Low
34,147487.23,2,0,12.0,Low
36,101583.11,2,0,12.0,Low
38,0.0,2,0,12.0,Low
29,129514.99,1,1,12.0,Low
35,163856.76,1,1,11.0,Low
50,0.0,2,1,11.0,Low
40,114005.78,1,1,11.0,Low
38,125903.22,2,1,11.0,Low
44,98009.13,2,1,11.0,Low
43,127132.96,1,1,11.0,Low
66,0.0,1,1,11.0,Low
30,90963.49,1,1,11.0,Low
40,99886.42,2,1,11.0,Low
33,84557.82,1,1,11.0,Low
48,0.0,2,1,11.0,Low
45,0.0,2,1,11.0,Low
32,118879.35,2,1,11.0,Low
71,0.0,2,1,11.0,Low
25,78247.31,2,1,11.0,Low
63,0.0,2,1,11.0,Low
35,174588.8,2,1,11.0,Low
25,182876.88,2,1,11.0,Low
32,123157.95,1,0,11.0,Low
35,128993.76,2,0,11.0,Low
30,0.0,2,0,11.0,Low
57,0.0,2,1,11.0,Low
29,145471.37,1,0,11.0,Low
24,161884.99,1,1,11.0,Low
46,0.0,2,0,11.0,Low
31,120962.59,1,0,11.0,Low
26,101440.36,2,1,11.0,Low
36,136980.23,2,1,11.0,Low
22,108117.1,1,1,11.0,Low
48,0.0,2,1,11.0,Low
32,144272.07,2,0,11.0,Low
35,155621.08,1,1,11.0,Low
27,0.0,1,1,11.0,Low
42,0.0,2,1,11.0,Low
28,0.0,2,0,11.0,Low
31,132876.55,1,1,11.0,Low
35,121968.11,2,1,11.0,Low
39,167557.12,1,1,11.0,Low
36,68348.18,2,1,11.0,Low
41,132838.07,1,1,11.0,Low
42,0.0,2,0,11.0,Low
36,154525.7,1,1,11.0,Low
33,83501.66,2,0,11.0,Low
35,176273.95,1,1,11.0,Low
31,121691.54,2,0,11.0,Low
39,80615.46,2,0,11.0,Low
41,150463.11,2,1,11.0,Low
35,0.0,2,0,10.0,Low
33,0.0,2,0,10.0,Low
38,72286.84,2,1,10.0,Low
33,149564.61,1,0,10.0,Low
32,91956.49,1,1,10.0,Low
44,140393.65,2,1,10.0,Low
31,67238.98,2,1,10.0,Low
26,75237.54,1,1,10.0,Low
40,0.0,2,0,10.0,Low
30,156660.72,2,0,10.0,Low
24,0.0,2,0,10.0,Low
37,111432.77,2,1,10.0,Low
24,110949.41,1,1,10.0,Low
19,150348.37,1,1,10.0,Low
29,86616.35,1,0,10.0,Low
50,0.0,2,1,10.0,Low
28,141038.57,2,0,10.0,Low
36,137688.71,1,1,10.0,Low
38,126444.08,2,1,10.0,Low
35,127290.61,1,0,10.0,Low
24,0.0,2,1,10.0,Low
32,106957.28,1,1,10.0,Low
37,100252.18,1,1,10.0,Low
36,130700.92,2,0,10.0,Low
26,155739.76,1,0,10.0,Low
28,82498.14,2,0,10.0,Low
27,100912.19,1,0,10.0,Low
30,113672.18,2,0,10.0,Low
31,91125.75,1,0,10.0,Low
67,103101.56,2,1,10.0,Low
44,0.0,2,0,10.0,Low
29,140170.61,1,1,10.0,Low
33,129574.98,1,1,10.0,Low
33,137847.41,2,0,10.0,Low
36,0.0,2,0,10.0,Low
36,115617.24,1,1,10.0,Low
36,104077.19,2,1,10.0,Low
33,153663.27,1,0,10.0,Low
34,96645.54,2,0,10.0,Low
43,0.0,2,0,9.0,Low
42,0.0,2,0,9.0,Low
31,136067.82,2,0,9.0,Low
29,112367.34,1,0,9.0,Low
29,131968.57,2,1,9.0,Low
44,0.0,2,0,9.0,Low
30,115479.48,2,1,9.0,Low
35,133111.73,1,1,9.0,Low
32,110559.46,1,1,9.0,Low
46,0.0,2,1,9.0,Low
30,63669.42,1,0,9.0,Low
24,87413.19,1,0,9.0,Low
44,0.0,2,0,9.0,Low
38,135289.33,2,1,9.0,Low
28,0.0,2,1,9.0,Low
63,0.0,2,1,9.0,Low
35,117438.92,2,1,9.0,Low
43,0.0,2,1,9.0,Low
62,0.0,2,1,9.0,Low
59,0.0,2,1,9.0,Low
43,0.0,2,1,9.0,Low
61,0.0,2,1,9.0,Low
25,90920.75,1,1,9.0,Low
32,124179.3,1,1,9.0,Low
40,166776.6,2,1,9.0,Low
24,85089.3,1,1,9.0,Low
38,122570.87,1,1,9.0,Low
32,71667.74,1,1,9.0,Low
30,109805.3,1,1,9.0,Low
32,127849.38,1,0,9.0,Low
37,0.0,2,0,9.0,Low
35,74988.59,2,1,9.0,Low
31,135213.71,1,1,9.0,Low
74,161434.36,2,1,9.0,Low
26,174318.13,2,1,9.0,Low
34,133598.4,1,1,9.0,Low
35,0.0,2,1,9.0,Low
38,143006.7,1,1,9.0,Low
41,0.0,2,1,9.0,Low
48,0.0,2,1,9.0,Low
33,111379.55,1,1,9.0,Low
32,88938.62,1,1,9.0,Low
27,0.0,2,0,9.0,Low
28,145605.44,1,1,9.0,Low
26,165947.99,2,1,9.0,Low
66,159732.02,1,1,9.0,Low
29,105767.28,2,0,9.0,Low
35,100988.39,2,0,9.0,Low
53,0.0,2,1,9.0,Low
33,65667.79,2,0,9.0,Low
25,121702.73,1,1,9.0,Low
34,108653.93,1,1,9.0,Low
29,153040.03,1,1,9.0,Low
20,137624.4,2,1,8.0,Low
34,112572.39,1,0,8.0,Low
35,121952.75,2,1,8.0,Low
37,0.0,2,1,8.0,Low
53,0.0,2,1,8.0,Low
31,121237.65,1,1,8.0,Low
66,0.0,2,1,8.0,Low
33,136082.0,1,0,8.0,Low
45,0.0,2,0,8.0,Low
33,0.0,2,0,8.0,Low
30,0.0,1,1,8.0,Low
40,0.0,2,1,8.0,Low
35,102742.91,2,1,8.0,Low
39,0.0,2,0,8.0,Low
26,86270.93,2,1,8.0,Low
60,0.0,2,1,8.0,Low
23,0.0,2,0,8.0,Low
28,134571.5,1,1,8.0,Low
32,85615.66,2,0,8.0,Low
29,125689.29,1,1,8.0,Low
24,103097.85,1,1,8.0,Low
48,0.0,2,1,8.0,Low
34,65812.35,2,1,8.0,Low
27,123826.07,1,1,8.0,Low
22,0.0,2,0,8.0,Low
26,107508.93,2,1,8.0,Low
41,0.0,2,0,8.0,Low
36,145387.32,2,1,8.0,Low
29,148874.01,2,1,8.0,Low
40,0.0,2,0,8.0,Low
47,0.0,2,0,8.0,Low
36,89800.14,1,1,8.0,Low
30,128262.72,2,0,8.0,Low
34,0.0,2,1,8.0,Low
43,0.0,2,1,8.0,Low
32,0.0,2,1,8.0,Low
35,0.0,2,0,8.0,Low
37,0.0,2,0,8.0,Low
61,0.0,2,1,8.0,Low
24,110495.27,1,0,8.0,Low
33,125241.17,2,1,8.0,Low
18,176139.5,2,0,8.0,Low
26,78892.23,1,1,8.0,Low
21,0.0,2,1,8.0,Low
30,80964.57,2,0,8.0,Low
37,98400.61,2,0,8.0,Low
31,88421.81,1,0,8.0,Low
43,0.0,2,0,8.0,Low
31,89688.94,1,1,8.0,Low
24,107637.97,2,1,8.0,Low
21,123200.78,1,1,8.0,Low
35,102050.47,1,1,8.0,Low
25,0.0,2,1,8.0,Low
28,99152.73,2,0,8.0,Low
62,0.0,2,1,8.0,Low
34,115897.12,1,1,8.0,Low
27,116320.68,1,1,7.0,Low
38,110641.18,1,1,7.0,Low
37,69143.91,2,1,7.0,Low
39,0.0,2,1,7.0,Low
34,142929.16,2,1,7.0,Low
33,96769.04,1,1,7.0,Low
30,103804.97,1,1,7.0,Low
43,84673.17,2,1,7.0,Low
55,0.0,2,1,7.0,Low
30,137851.31,1,0,7.0,Low
24,0.0,2,0,7.0,Low
26,205962.0,1,0,7.0,Low
49,0.0,2,1,7.0,Low
36,0.0,2,0,7.0,Low
45,0.0,2,1,7.0,Low
33,102874.28,1,0,7.0,Low
40,0.0,2,1,7.0,Low
33,123082.08,1,0,7.0,Low
30,83181.29,1,1,7.0,Low
38,130233.14,1,1,7.0,Low
37,0.0,2,1,7.0,Low
36,102603.3,2,1,7.0,Low
24,69881.09,2,1,7.0,Low
34,0.0,2,0,7.0,Low
45,0.0,2,0,7.0,Low
37,125529.55,1,1,7.0,Low
32,94753.55,2,1,7.0,Low
33,118392.75,1,1,7.0,Low
37,0.0,2,1,7.0,Low
44,0.0,2,1,7.0,Low
38,0.0,2,0,7.0,Low
30,144684.03,1,1,7.0,Low
33,72535.45,1,1,7.0,Low
32,147506.25,1,1,7.0,Low
49,0.0,2,1,7.0,Low
30,141441.75,1,1,7.0,Low
69,93320.8,1,1,7.0,Low
30,0.0,2,0,7.0,Low
33,126588.81,2,1,7.0,Low
79,0.0,2,1,7.0,Low
26,110654.02,1,1,7.0,Low
41,0.0,2,0,7.0,Low
24,122109.78,1,1,7.0,Low
35,0.0,2,0,7.0,Low
37,0.0,2,0,7.0,Low
35,0.0,2,1,7.0,Low
49,0.0,2,1,7.0,Low
27,141223.68,2,0,7.0,Low
23,0.0,2,0,7.0,Low
31,98360.03,1,0,7.0,Low
32,142188.2,2,1,7.0,Low
33,127343.4,1,1,7.0,Low
41,70349.48,2,1,7.0,Low
34,86055.17,2,1,7.0,Low
36,124445.52,1,0,7.0,Low
36,116275.12,1,1,7.0,Low
26,57422.62,1,1,7.0,Low
32,108698.96,2,1,7.0,Low
50,0.0,2,0,7.0,Low
27,122550.05,2,1,7.0,Low
46,0.0,2,1,7.0,Low
33,132150.26,2,0,7.0,Low
28,112070.44,1,1,7.0,Low
32,62321.62,1,1,7.0,Low
32,90322.99,2,1,6.0,Low
30,84440.1,2,1,6.0,Low
28,121164.11,1,1,6.0,Low
31,96399.31,2,0,6.0,Low
34,91562.99,1,1,6.0,Low
39,92126.26,2,0,6.0,Low
26,100446.57,1,1,6.0,Low
46,0.0,2,1,6.0,Low
40,0.0,2,0,6.0,Low
33,154969.79,2,1,6.0,Low
29,0.0,1,0,6.0,Low
30,104145.65,1,0,6.0,Low
34,146178.13,2,1,6.0,Low
36,135216.8,1,1,6.0,Low
32,179305.09,1,1,6.0,Low
82,0.0,2,1,6.0,Low
35,106836.67,2,0,6.0,Low
27,113174.21,2,0,6.0,Low
36,145747.67,2,1,6.0,Low
52,0.0,2,1,6.0,Low
31,145260.23,1,1,6.0,Low
36,97530.25,1,1,6.0,Low
31,79340.95,1,0,6.0,Low
33,145731.83,1,1,6.0,Low
35,137179.39,1,1,6.0,Low
30,94443.77,1,1,6.0,Low
33,137853.0,1,1,6.0,Low
57,0.0,2,1,6.0,Low
31,104158.84,1,0,6.0,Low
41,102827.44,1,1,6.0,Low
28,114731.76,2,1,6.0,Low
22,125265.61,1,1,6.0,Low
34,185173.81,2,0,6.0,Low
28,108601.0,1,1,6.0,Low
48,0.0,2,1,6.0,Low
20,0.0,2,0,6.0,Low
40,0.0,2,0,6.0,Low
43,0.0,2,0,6.0,Low
22,100885.93,2,1,6.0,Low
29,108541.04,1,1,6.0,Low
24,108058.07,2,1,6.0,Low
38,0.0,2,0,6.0,Low
34,0.0,2,1,6.0,Low
32,97514.07,1,1,6.0,Low
20,119714.25,2,1,6.0,Low
75,0.0,2,1,6.0,Low
37,152958.29,2,1,6.0,Low
35,110349.82,1,0,6.0,Low
41,0.0,2,1,6.0,Low
36,0.0,2,0,6.0,Low
61,0.0,2,1,6.0,Low
32,134446.04,1,1,6.0,Low
31,137260.45,2,0,6.0,Low
40,0.0,2,1,6.0,Low
20,0.0,2,0,6.0,Low
31,0.0,2,0,6.0,Low
54,0.0,2,1,6.0,Low
33,107868.14,2,1,6.0,Low
32,100262.88,2,1,6.0,Low
25,134467.26,1,1,5.0,Low
30,137262.71,2,0,5.0,Low
31,112373.49,2,1,5.0,Low
40,0.0,2,0,5.0,Low
33,88311.48,2,1,5.0,Low
39,0.0,2,0,5.0,Low
38,127117.8,2,1,5.0,Low
27,74298.43,1,1,5.0,Low
36,147733.64,1,1,5.0,Low
71,0.0,2,1,5.0,Low
37,0.0,2,1,5.0,Low
23,0.0,2,0,5.0,Low
39,0.0,2,0,5.0,Low
36,118851.05,1,1,5.0,Low
32,83161.65,1,1,5.0,Low
25,0.0,2,1,5.0,Low
28,0.0,2,1,5.0,Low
34,0.0,2,0,5.0,Low
47,0.0,2,0,5.0,Low
43,0.0,2,1,5.0,Low
26,148853.29,2,1,5.0,Low
34,147422.44,1,1,5.0,Low
55,0.0,2,1,5.0,Low
32,0.0,1,1,5.0,Low
33,118082.89,1,0,5.0,Low
19,110928.51,1,1,5.0,Low
57,0.0,2,1,5.0,Low
29,88814.4,2,1,5.0,Low
31,120718.28,1,1,5.0,Low
74,108131.53,1,1,5.0,Low
38,0.0,2,0,5.0,Low
41,0.0,2,1,5.0,Low
36,85311.7,1,1,5.0,Low
30,0.0,2,0,5.0,Low
32,147107.91,1,1,5.0,Low
36,0.0,2,1,5.0,Low
40,0.0,2,0,5.0,Low
35,0.0,2,0,5.0,Low
38,0.0,2,0,5.0,Low
46,0.0,2,1,5.0,Low
24,146126.75,1,1,5.0,Low
46,0.0,2,1,5.0,Low
37,0.0,2,1,5.0,Low
25,0.0,2,0,5.0,Low
43,0.0,2,0,5.0,Low
46,0.0,2,0,5.0,Low
39,0.0,2,1,5.0,Low
33,139451.67,1,0,5.0,Low
35,124268.64,2,1,5.0,Low
40,0.0,2,1,5.0,Low
48,169023.33,2,1,5.0,Low
40,0.0,2,0,5.0,Low
41,0.0,2,1,5.0,Low
34,83503.11,2,1,5.0,Low
28,81173.83,2,1,5.0,Low
34,150856.79,1,1,5.0,Low
40,0.0,2,1,5.0,Low
38,0.0,2,0,5.0,Low
24,133628.09,2,1,5.0,Low
26,0.0,2,0,5.0,Low
31,0.0,2,0,5.0,Low
25,102585.88,2,1,5.0,Low
39,50880.98,2,1,5.0,Low
33,115182.84,2,1,5.0,Low
40,0.0,2,0,5.0,Low
36,0.0,2,1,5.0,Low
31,0.0,2,0,5.0,Low
40,0.0,2,1,5.0,Low
69,117866.92,1,1,5.0,Low
34,0.0,2,0,4.0,Low
35,124616.23,1,1,4.0,Low
42,0.0,2,1,4.0,Low
38,0.0,2,1,4.0,Low
44,0.0,2,1,4.0,Low
30,0.0,1,1,4.0,Low
36,0.0,2,0,4.0,Low
38,0.0,2,0,4.0,Low
39,0.0,2,0,4.0,Low
47,0.0,2,0,4.0,Low
28,129991.76,2,1,4.0,Low
28,171932.26,2,1,4.0,Low
60,0.0,2,1,4.0,Low
26,138023.79,2,1,4.0,Low
37,0.0,2,0,4.0,Low
41,0.0,2,1,4.0,Low
60,0.0,2,1,4.0,Low
37,0.0,2,0,4.0,Low
38,0.0,2,0,4.0,Low
41,0.0,2,0,4.0,Low
34,0.0,2,1,4.0,Low
26,105249.76,2,1,4.0,Low
30,74323.2,1,1,4.0,Low
34,139959.55,2,1,4.0,Low
44,0.0,2,0,4.0,Low
38,0.0,2,0,4.0,Low
34,107136.6,1,0,4.0,Low
44,0.0,2,0,4.0,Low
38,0.0,2,1,4.0,Low
28,157597.61,1,1,4.0,Low
37,0.0,2,0,4.0,Low
22,97975.82,2,1,4.0,Low
33,84309.57,2,0,4.0,Low
61,0.0,2,1,4.0,Low
26,126392.18,1,1,4.0,Low
26,0.0,2,1,4.0,Low
34,123034.43,2,1,4.0,Low
63,0.0,2,1,4.0,Low
37,0.0,2,0,4.0,Low
28,0.0,2,0,4.0,Low
32,95153.77,1,1,4.0,Low
24,0.0,2,1,4.0,Low
29,93833.86,1,1,4.0,Low
35,0.0,2,1,4.0,Low
48,0.0,2,1,4.0,Low
36,0.0,2,1,4.0,Low
31,144162.3,2,1,4.0,Low
29,182123.79,1,0,4.0,Low
41,0.0,2,1,4.0,Low
38,0.0,2,0,4.0,Low
47,0.0,2,0,4.0,Low
26,80780.16,1,1,4.0,Low
33,0.0,2,1,4.0,Low
34,122359.5,1,0,4.0,Low
33,84719.13,2,1,4.0,Low
37,0.0,2,0,4.0,Low
30,0.0,2,0,4.0,Low
40,0.0,2,1,4.0,Low
41,0.0,2,0,4.0,Low
28,139246.22,2,0,4.0,Low
31,61592.14,2,1,4.0,Low
42,0.0,2,1,4.0,Low
38,0.0,2,0,4.0,Low
37,0.0,2,1,4.0,Low
29,145541.56,2,1,4.0,Low
36,92340.69,2,1,4.0,Low
33,0.0,2,0,4.0,Low
35,0.0,2,1,4.0,Low
37,0.0,2,1,3.0,Low
33,76548.6,1,1,3.0,Low
41,0.0,2,0,3.0,Low
34,133936.04,2,0,3.0,Low
28,0.0,2,1,3.0,Low
38,0.0,2,0,3.0,Low
42,0.0,2,1,3.0,Low
39,0.0,2,0,3.0,Low
32,0.0,2,0,3.0,Low
64,0.0,2,1,3.0,Low
58,0.0,2,1,3.0,Low
85,0.0,2,1,3.0,Low
29,0.0,2,1,3.0,Low
33,0.0,2,0,3.0,Low
26,97460.1,1,1,3.0,Low
28,0.0,2,0,3.0,Low
28,0.0,2,1,3.0,Low
30,0.0,1,0,3.0,Low
44,0.0,2,1,3.0,Low
49,0.0,2,1,3.0,Low
37,0.0,2,1,3.0,Low
33,141918.09,2,1,3.0,Low
27,87739.08,1,1,3.0,Low
36,0.0,2,1,3.0,Low
35,165358.77,1,1,3.0,Low
43,0.0,2,1,3.0,Low
27,0.0,2,1,3.0,Low
39,52106.33,2,1,3.0,Low
29,105405.97,1,1,3.0,Low
28,104367.5,1,1,3.0,Low
62,0.0,2,1,3.0,Low
37,0.0,2,0,3.0,Low
30,123217.66,2,1,3.0,Low
37,0.0,2,0,3.0,Low
35,0.0,2,0,3.0,Low
39,0.0,2,1,3.0,Low
39,0.0,2,0,3.0,Low
43,0.0,2,1,3.0,Low
29,107712.57,2,1,3.0,Low
67,0.0,2,1,3.0,Low
40,0.0,2,0,3.0,Low
36,161757.87,2,1,3.0,Low
30,0.0,2,1,3.0,Low
37,0.0,2,0,3.0,Low
22,114991.45,1,1,3.0,Low
32,0.0,2,0,3.0,Low
32,125321.84,2,1,3.0,Low
32,96709.07,2,0,3.0,Low
41,0.0,2,1,3.0,Low
38,0.0,2,0,3.0,Low
39,0.0,2,0,3.0,Low
28,109960.06,2,1,3.0,Low
38,0.0,2,1,3.0,Low
41,0.0,2,1,3.0,Low
35,0.0,2,0,3.0,Low
32,125685.79,1,1,3.0,Low
38,115378.94,1,1,3.0,Low
32,136555.01,2,1,3.0,Low
23,0.0,2,0,3.0,Low
24,0.0,2,0,3.0,Low
35,96814.46,2,1,3.0,Low
88,0.0,2,1,3.0,Low
42,0.0,2,1,3.0,Low
26,96659.64,2,1,3.0,Low
34,0.0,2,0,3.0,Low
32,0.0,2,0,3.0,Low
34,84009.47,1,1,3.0,Low
32,0.0,2,1,2.0,Low
28,101100.22,2,1,2.0,Low
28,96679.71,1,1,2.0,Low
36,0.0,2,0,2.0,Low
34,163757.06,1,1,2.0,Low
33,0.0,2,1,2.0,Low
31,0.0,2,0,2.0,Low
29,0.0,2,0,2.0,Low
32,0.0,2,0,2.0,Low
48,0.0,2,1,2.0,Low
38,0.0,2,1,2.0,Low
33,0.0,2,1,2.0,Low
33,0.0,2,1,2.0,Low
26,151510.17,2,1,2.0,Low
35,102918.38,1,1,2.0,Low
37,0.0,2,1,2.0,Low
39,0.0,2,0,2.0,Low
29,95167.55,1,1,2.0,Low
71,0.0,2,1,2.0,Low
27,0.0,2,1,2.0,Low
37,0.0,2,0,2.0,Low
32,0.0,2,1,2.0,Low
25,0.0,2,1,2.0,Low
32,156001.68,2,1,2.0,Low
34,0.0,2,1,2.0,Low
37,0.0,2,0,2.0,Low
38,0.0,2,1,2.0,Low
32,0.0,2,0,2.0,Low
36,0.0,2,0,2.0,Low
36,0.0,2,1,2.0,Low
31,131996.66,2,1,2.0,Low
46,0.0,2,1,2.0,Low
25,114268.85,2,1,2.0,Low
38,0.0,2,0,2.0,Low
36,0.0,2,0,2.0,Low
31,0.0,2,0,2.0,Low
35,0.0,2,0,2.0,Low
34,0.0,2,1,2.0,Low
29,0.0,2,1,2.0,Low
36,0.0,2,1,2.0,Low
24,0.0,2,0,2.0,Low
33,129907.63,1,1,2.0,Low
24,0.0,2,0,2.0,Low
29,0.0,2,1,2.0,Low
43,0.0,2,1,2.0,Low
34,141173.03,1,1,2.0,Low
23,166594.78,1,1,2.0,Low
39,0.0,2,1,2.0,Low
35,0.0,2,1,2.0,Low
39,0.0,2,0,2.0,Low
29,0.0,2,1,2.0,Low
24,147360.0,1,1,2.0,Low
27,0.0,2,0,2.0,Low
30,0.0,2,1,2.0,Low
32,84906.45,1,0,2.0,Low
26,106198.5,1,1,2.0,Low
31,0.0,2,0,2.0,Low
29,0.0,2,1,2.0,Low
30,0.0,2,0,2.0,Low
35,106518.52,1,1,2.0,Low
46,0.0,2,0,2.0,Low
37,0.0,2,1,2.0,Low
36,0.0,2,0,2.0,Low
64,0.0,2,1,2.0,Low
33,0.0,2,0,2.0,Low
34,0.0,2,0,2.0,Low
34,0.0,2,0,2.0,Low
33,0.0,2,0,2.0,Low
31,121192.22,2,1,2.0,Low
36,0.0,2,0,2.0,Low
32,93694.42,1,1,2.0,Low
37,0.0,2,1,2.0,Low
28,0.0,2,1,2.0,Low
28,0.0,2,1,1.0,Low
32,0.0,2,1,1.0,Low
36,0.0,2,1,1.0,Low
29,0.0,2,1,1.0,Low
33,0.0,2,0,1.0,Low
29,0.0,2,0,1.0,Low
24,0.0,2,1,1.0,Low
34,0.0,2,0,1.0,Low
24,0.0,2,0,1.0,Low
40,0.0,2,1,1.0,Low
31,0.0,2,0,1.0,Low
33,0.0,2,1,1.0,Low
37,0.0,2,0,1.0,Low
34,0.0,2,1,1.0,Low
31,0.0,2,0,1.0,Low
34,0.0,2,0,1.0,Low
28,0.0,2,1,1.0,Low
31,142631.54,2,1,1.0,Low
36,0.0,2,1,1.0,Low
34,0.0,2,0,1.0,Low
43,0.0,2,1,1.0,Low
36,0.0,2,0,1.0,Low
33,0.0,2,0,1.0,Low
35,0.0,2,1,1.0,Low
44,0.0,2,1,1.0,Low
36,0.0,2,0,1.0,Low
21,0.0,2,0,1.0,Low
34,0.0,2,0,1.0,Low
33,0.0,2,1,1.0,Low
34,0.0,2,0,1.0,Low
30,0.0,2,1,1.0,Low
30,100548.67,2,0,1.0,Low
31,0.0,2,0,1.0,Low
28,0.0,2,1,1.0,Low
29,0.0,2,1,1.0,Low
33,0.0,2,1,1.0,Low
31,0.0,2,0,1.0,Low
24,0.0,2,0,1.0,Low
40,0.0,2,0,1.0,Low
31,0.0,2,0,1.0,Low
23,112568.31,1,1,1.0,Low
30,0.0,2,1,1.0,Low
22,0.0,2,0,1.0,Low
30,0.0,2,0,1.0,Low
35,0.0,2,1,1.0,Low
27,160358.68,2,0,1.0,Low
37,0.0,2,0,1.0,Low
36,0.0,2,0,1.0,Low
30,0.0,2,0,1.0,Low
27,0.0,2,0,1.0,Low
32,131081.66,2,1,1.0,Low
35,0.0,2,1,1.0,Low
39,0.0,2,1,1.0,Low
38,0.0,2,0,1.0,Low
28,0.0,2,1,1.0,Low
32,0.0,2,0,1.0,Low
40,0.0,2,1,1.0,Low
28,0.0,2,1,1.0,Low
34,0.0,2,1,1.0,Low
35,0.0,2,1,1.0,Low
25,0.0,2,1,1.0,Low
34,0.0,2,0,1.0,Low
27,0.0,2,0,1.0,Low
41,0.0,2,1,1.0,Low
34,0.0,2,1,1.0,Low
32,0.0,2,0,1.0,Low
32,0.0,2,1,1.0,Low
39,0.0,2,1,1.0,Low
26,0.0,2,1,1.0,Low
25,0.0,2,1,1.0,Low
28,0.0,2,0,1.0,Low
39,0.0,2,1,1.0,Low
37,0.0,2,0,1.0,Low
27,0.0,2,1,1.0,Low
38,0.0,2,1,1.0,Low
29,0.0,2,1,1.0,Low
35,0.0,2,0,1.0,Low
34,0.0,2,0,1.0,Low
30,0.0,2,0,1.0,Low
31,0.0,2,0,1.0,Low
39,0.0,2,1,1.0,Low
32,0.0,2,1,1.0,Low
30,0.0,2,0,1.0,Low
29,0.0,2,1,1.0,Low
33,0.0,2,0,1.0,Low
33,0.0,2,1,1.0,Low
31,0.0,2,0,0.0,
35,0.0,2,1,0.0,
37,0.0,2,1,0.0,
32,0.0,2,0,0.0,
33,0.0,2,1,0.0,
22,0.0,2,0,0.0,
29,0.0,2,1,0.0,
39,0.0,2,0,0.0,
22,0.0,2,0,0.0,
34,0.0,2,1,0.0,
63,0.0,2,1,0.0,
29,0.0,2,0,0.0,
25,0.0,2,1,0.0,
24,0.0,2,0,0.0,
21,0.0,2,1,0.0,
30,0.0,2,1,0.0,
35,0.0,2,1,0.0,
25,0.0,2,1,0.0,
29,0.0,2,0,0.0,
31,0.0,2,1,0.0,
36,0.0,2,1,0.0,
26,0.0,2,0,0.0,
34,0.0,2,1,0.0,
33,0.0,2,1,0.0,
36,0.0,2,0,0.0,
31,117799.28,1,1,0.0,
25,0.0,2,1,0.0,
35,0.0,2,1,0.0,
36,0.0,2,0,0.0,
35,0.0,2,1,0.0,
31,0.0,2,1,0.0,
32,0.0,2,1,0.0,
20,0.0,2,0,0.0,
36,0.0,2,1,0.0,
33,0.0,2,0,0.0,
26,0.0,2,1,0.0,
28,0.0,2,0,0.0,
31,0.0,2,1,0.0,
25,0.0,2,1,0.0,
29,0.0,2,0,0.0,
34,0.0,2,0,0.0,
25,0.0,2,1,0.0,
32,0.0,2,1,0.0,
25,0.0,2,1,0.0,
21,0.0,2,1,0.0,
32,0.0,2,1,0.0,
31,0.0,2,0,0.0,
24,0.0,2,0,0.0,
30,0.0,2,0,0.0,
38,0.0,2,0,0.0,
32,0.0,2,0,0.0,
29,0.0,2,1,0.0,
38,115702.67,2,1,0.0,
40,0.0,2,0,0.0,
36,0.0,2,1,0.0,
24,0.0,2,1,0.0,
27,0.0,2,0,0.0,
23,0.0,2,1,0.0,
33,0.0,2,1,0.0,
27,0.0,2,1,0.0,
31,0.0,2,1,0.0,
34,0.0,2,0,0.0,
30,0.0,2,0,0.0,
27,0.0,2,0,0.0,
36,0.0,2,1,0.0,
33,0.0,2,0,0.0,
37,0.0,2,0,0.0,
29,0.0,2,0,0.0,
35,0.0,2,0,0.0,
40,0.0,2,1,0.0,
33,0.0,2,1,0.0,
29,0.0,2,1,0.0,
38,0.0,2,0,0.0,
